,URL,repo,head_repo_size,base_repo_size
0,https://api.github.com/repos/uber/cassette/pulls/41,cassette,299.0,963
1,https://api.github.com/repos/uber/multidimensional_urlencode/pulls/12,multidimensional_urlencode,41.0,40
2,https://api.github.com/repos/uber/py-find-injection/pulls/2,py-find-injection,169.0,230
3,https://api.github.com/repos/uber/airlock/pulls/4,airlock,34.0,34
4,https://api.github.com/repos/uber/uncaught-exception/pulls/17,uncaught-exception,1256.0,1251
5,https://api.github.com/repos/uber/eight-track/pulls/34,eight-track,1138.0,1138
6,https://api.github.com/repos/uber/sublime-phabricator/pulls/9,sublime-phabricator,124.0,358
7,https://api.github.com/repos/uber/doubles/pulls/124,doubles,333.0,324
8,https://api.github.com/repos/uber/py-look-for-timeouts/pulls/1,py-look-for-timeouts,17.0,17
9,https://api.github.com/repos/uber/Python-Sample-Application/pulls/37,Python-Sample-Application,49.0,46
10,https://api.github.com/repos/uber/Python-Sample-Application/pulls/36,Python-Sample-Application,46.0,46
11,https://api.github.com/repos/uber/Python-Sample-Application/pulls/33,Python-Sample-Application,79.0,46
12,https://api.github.com/repos/uber/Python-Sample-Application/pulls/32,Python-Sample-Application,46.0,46
13,https://api.github.com/repos/uber/Python-Sample-Application/pulls/29,Python-Sample-Application,133.0,46
14,https://api.github.com/repos/uber/Python-Sample-Application/pulls/28,Python-Sample-Application,121.0,46
15,https://api.github.com/repos/uber/pymegacli/pulls/8,pymegacli,,33
16,https://api.github.com/repos/uber/pymegacli/pulls/7,pymegacli,,33
17,https://api.github.com/repos/uber/pymegacli/pulls/6,pymegacli,33.0,33
18,https://api.github.com/repos/uber/pymegacli/pulls/4,pymegacli,33.0,33
19,https://api.github.com/repos/uber/pymegacli/pulls/3,pymegacli,33.0,33
20,https://api.github.com/repos/uber/pymegacli/pulls/2,pymegacli,31.0,33
21,https://api.github.com/repos/uber/kafka-logger/pulls/18,kafka-logger,76.0,76
22,https://api.github.com/repos/uber/sentry-logger/pulls/18,sentry-logger,22.0,22
23,https://api.github.com/repos/uber/sentry-logger/pulls/4,sentry-logger,106.0,22
24,https://api.github.com/repos/uber/logtron/pulls/43,logtron,234.0,234
25,https://api.github.com/repos/uber/sevnup/pulls/38,sevnup,98.0,98
26,https://api.github.com/repos/uber/tchannel/pulls/1422,tchannel,8284.0,8284
27,https://api.github.com/repos/uber/tchannel/pulls/1397,tchannel,8284.0,8284
28,https://api.github.com/repos/uber/tchannel/pulls/1218,tchannel,8284.0,8284
29,https://api.github.com/repos/uber/tchannel/pulls/1081,tchannel,8284.0,8284
30,https://api.github.com/repos/uber/uber-licence/pulls/33,uber-licence,60.0,59
31,https://api.github.com/repos/uber/uber-licence/pulls/32,uber-licence,65.0,59
32,https://api.github.com/repos/uber/uber-licence/pulls/29,uber-licence,59.0,59
33,https://api.github.com/repos/uber/tcap/pulls/42,tcap,92.0,92
34,https://api.github.com/repos/uber/bufrw/pulls/68,bufrw,273.0,272
35,https://api.github.com/repos/uber/bufrw/pulls/67,bufrw,272.0,272
36,https://api.github.com/repos/uber/phabricator-jenkins-plugin/pulls/326,phabricator-jenkins-plugin,2530.0,2536
37,https://api.github.com/repos/uber/uberalls/pulls/34,uberalls,128.0,115
38,https://api.github.com/repos/uber/uberalls/pulls/28,uberalls,,115
39,https://api.github.com/repos/uber/grafana-dash-gen/pulls/44,grafana-dash-gen,382.0,849
40,https://api.github.com/repos/uber/standard/pulls/47,standard,296.0,296
41,https://api.github.com/repos/uber/standard/pulls/44,standard,296.0,296
42,https://api.github.com/repos/uber/arcanist/pulls/244,arcanist,10450.0,10450
43,https://api.github.com/repos/uber/ringpop-go/pulls/221,ringpop-go,4898.0,4928
44,https://api.github.com/repos/uber/ringpop-go/pulls/186,ringpop-go,4928.0,4928
45,https://api.github.com/repos/uber/ringpop-go/pulls/27,ringpop-go,4928.0,4928
46,https://api.github.com/repos/uber/tchannel-python/pulls/495,tchannel-python,2390.0,2390
47,https://api.github.com/repos/uber/tchannel-python/pulls/493,tchannel-python,2390.0,2390
48,https://api.github.com/repos/uber/tchannel-python/pulls/492,tchannel-python,2390.0,2390
49,https://api.github.com/repos/uber/tchannel-java/pulls/228,tchannel-java,1306.0,1306
50,https://api.github.com/repos/uber/tchannel-java/pulls/227,tchannel-java,1306.0,1306
51,https://api.github.com/repos/uber/tchannel-java/pulls/226,tchannel-java,1306.0,1306
52,https://api.github.com/repos/uber/tchannel-java/pulls/200,tchannel-java,1306.0,1306
53,https://api.github.com/repos/uber/tchannel-java/pulls/198,tchannel-java,1125.0,1306
54,https://api.github.com/repos/uber/tchannel-node/pulls/368,tchannel-node,5408.0,5408
55,https://api.github.com/repos/uber/tchannel-node/pulls/367,tchannel-node,5408.0,5408
56,https://api.github.com/repos/uber/tchannel-node/pulls/365,tchannel-node,5408.0,5408
57,https://api.github.com/repos/uber/tchannel-node/pulls/363,tchannel-node,5408.0,5408
58,https://api.github.com/repos/uber/tchannel-node/pulls/268,tchannel-node,5408.0,5408
59,https://api.github.com/repos/uber/tchannel-go/pulls/843,tchannel-go,3916.0,3906
60,https://api.github.com/repos/uber/tchannel-go/pulls/838,tchannel-go,3888.0,3906
61,https://api.github.com/repos/uber/tchannel-go/pulls/817,tchannel-go,3526.0,3906
62,https://api.github.com/repos/uber/tchannel-go/pulls/766,tchannel-go,3906.0,3906
63,https://api.github.com/repos/uber/tchannel-go/pulls/760,tchannel-go,3906.0,3906
64,https://api.github.com/repos/uber/tchannel-go/pulls/757,tchannel-go,3906.0,3906
65,https://api.github.com/repos/uber/tchannel-go/pulls/631,tchannel-go,3906.0,3906
66,https://api.github.com/repos/uber/rides-java-sdk/pulls/28,rides-java-sdk,463.0,449
67,https://api.github.com/repos/uber/rides-java-sdk/pulls/27,rides-java-sdk,463.0,449
68,https://api.github.com/repos/uber/rides-python-sdk/pulls/58,rides-python-sdk,277.0,277
69,https://api.github.com/repos/uber/rides-python-sdk/pulls/57,rides-python-sdk,277.0,277
70,https://api.github.com/repos/uber/rides-python-sdk/pulls/56,rides-python-sdk,277.0,277
71,https://api.github.com/repos/uber/rides-python-sdk/pulls/55,rides-python-sdk,277.0,277
72,https://api.github.com/repos/uber/rides-ios-sdk/pulls/256,rides-ios-sdk,2460.0,2467
73,https://api.github.com/repos/uber/react-vis/pulls/1430,react-vis,94752.0,94748
74,https://api.github.com/repos/uber/react-vis/pulls/1428,react-vis,94752.0,94748
75,https://api.github.com/repos/uber/react-vis/pulls/1427,react-vis,94748.0,94748
76,https://api.github.com/repos/uber/react-vis/pulls/1416,react-vis,94748.0,94748
77,https://api.github.com/repos/uber/react-vis/pulls/1415,react-vis,94748.0,94748
78,https://api.github.com/repos/uber/react-vis/pulls/1414,react-vis,94748.0,94748
79,https://api.github.com/repos/uber/react-vis/pulls/1412,react-vis,93850.0,94748
80,https://api.github.com/repos/uber/react-vis/pulls/1410,react-vis,93856.0,94748
81,https://api.github.com/repos/uber/react-vis/pulls/1409,react-vis,93851.0,94748
82,https://api.github.com/repos/uber/react-vis/pulls/1407,react-vis,94748.0,94748
83,https://api.github.com/repos/uber/react-vis/pulls/1404,react-vis,94748.0,94748
84,https://api.github.com/repos/uber/react-vis/pulls/1399,react-vis,93404.0,94748
85,https://api.github.com/repos/uber/react-vis/pulls/1392,react-vis,93404.0,94748
86,https://api.github.com/repos/uber/react-vis/pulls/1388,react-vis,94748.0,94748
87,https://api.github.com/repos/uber/react-vis/pulls/1379,react-vis,93176.0,94748
88,https://api.github.com/repos/uber/react-vis/pulls/1354,react-vis,93296.0,94748
89,https://api.github.com/repos/uber/react-vis/pulls/1352,react-vis,93296.0,94748
90,https://api.github.com/repos/uber/react-vis/pulls/1348,react-vis,93296.0,94748
91,https://api.github.com/repos/uber/react-vis/pulls/1343,react-vis,94748.0,94748
92,https://api.github.com/repos/uber/react-vis/pulls/1333,react-vis,17807.0,94748
93,https://api.github.com/repos/uber/react-vis/pulls/1314,react-vis,93296.0,94748
94,https://api.github.com/repos/uber/react-vis/pulls/1301,react-vis,93171.0,94748
95,https://api.github.com/repos/uber/react-vis/pulls/1295,react-vis,93154.0,94748
96,https://api.github.com/repos/uber/react-vis/pulls/1276,react-vis,93153.0,94748
97,https://api.github.com/repos/uber/react-vis/pulls/1253,react-vis,92156.0,94748
98,https://api.github.com/repos/uber/react-vis/pulls/1243,react-vis,92101.0,94748
99,https://api.github.com/repos/uber/react-vis/pulls/1224,react-vis,92143.0,94748
100,https://api.github.com/repos/uber/react-vis/pulls/1188,react-vis,,94748
101,https://api.github.com/repos/uber/react-vis/pulls/1152,react-vis,16636.0,94748
102,https://api.github.com/repos/uber/react-vis/pulls/1149,react-vis,16628.0,94748
103,https://api.github.com/repos/uber/react-vis/pulls/1096,react-vis,16437.0,94748
104,https://api.github.com/repos/uber/react-vis/pulls/1089,react-vis,16877.0,94748
105,https://api.github.com/repos/uber/react-vis/pulls/1079,react-vis,15808.0,94748
106,https://api.github.com/repos/uber/react-vis/pulls/1053,react-vis,16419.0,94748
107,https://api.github.com/repos/uber/react-vis/pulls/1028,react-vis,15975.0,94748
108,https://api.github.com/repos/uber/react-vis/pulls/1024,react-vis,17055.0,94748
109,https://api.github.com/repos/uber/react-vis/pulls/825,react-vis,,94748
110,https://api.github.com/repos/uber/uReplicator/pulls/352,uReplicator,2323.0,2349
111,https://api.github.com/repos/uber/uReplicator/pulls/346,uReplicator,2349.0,2349
112,https://api.github.com/repos/uber/uReplicator/pulls/343,uReplicator,2349.0,2349
113,https://api.github.com/repos/uber/uReplicator/pulls/341,uReplicator,2349.0,2349
114,https://api.github.com/repos/uber/uReplicator/pulls/340,uReplicator,2349.0,2349
115,https://api.github.com/repos/uber/uReplicator/pulls/332,uReplicator,2349.0,2349
116,https://api.github.com/repos/uber/uReplicator/pulls/318,uReplicator,2349.0,2349
117,https://api.github.com/repos/uber/uReplicator/pulls/300,uReplicator,2349.0,2349
118,https://api.github.com/repos/uber/react-vis-force/pulls/74,react-vis-force,2028.0,2021
119,https://api.github.com/repos/uber/react-vis-force/pulls/63,react-vis-force,2027.0,2021
120,https://api.github.com/repos/uber/react-vis-force/pulls/59,react-vis-force,2026.0,2021
121,https://api.github.com/repos/uber/react-vis-force/pulls/52,react-vis-force,2022.0,2021
122,https://api.github.com/repos/uber/react-digraph/pulls/331,react-digraph,28789.0,28771
123,https://api.github.com/repos/uber/react-digraph/pulls/328,react-digraph,28773.0,28771
124,https://api.github.com/repos/uber/react-digraph/pulls/322,react-digraph,28753.0,28771
125,https://api.github.com/repos/uber/react-digraph/pulls/299,react-digraph,28718.0,28771
126,https://api.github.com/repos/uber/react-digraph/pulls/280,react-digraph,28669.0,28771
127,https://api.github.com/repos/uber/react-digraph/pulls/244,react-digraph,,28771
128,https://api.github.com/repos/uber/AutoDispose/pulls/460,AutoDispose,13384.0,13382
129,https://api.github.com/repos/uber/dosa-idl/pulls/28,dosa-idl,298.0,298
130,https://api.github.com/repos/uber/pam-ussh/pulls/26,pam-ussh,20.0,21
131,https://api.github.com/repos/uber/pam-ussh/pulls/22,pam-ussh,31.0,21
132,https://api.github.com/repos/uber/pam-ussh/pulls/21,pam-ussh,31.0,21
133,https://api.github.com/repos/uber/pam-ussh/pulls/20,pam-ussh,31.0,21
134,https://api.github.com/repos/uber/pam-ussh/pulls/14,pam-ussh,24.0,21
135,https://api.github.com/repos/uber/pam-ussh/pulls/10,pam-ussh,20.0,21
136,https://api.github.com/repos/uber/cadence/pulls/4694,cadence,52963.0,53301
137,https://api.github.com/repos/uber/cadence/pulls/4688,cadence,50197.0,53301
138,https://api.github.com/repos/uber/cadence/pulls/4645,cadence,66299.0,53301
139,https://api.github.com/repos/uber/cadence/pulls/4642,cadence,53301.0,53301
140,https://api.github.com/repos/uber/cadence/pulls/4633,cadence,53301.0,53301
141,https://api.github.com/repos/uber/cadence/pulls/4605,cadence,53301.0,53301
142,https://api.github.com/repos/uber/cadence/pulls/4566,cadence,49501.0,53301
143,https://api.github.com/repos/uber/cadence/pulls/3987,cadence,53301.0,53301
144,https://api.github.com/repos/uber/cadence/pulls/3934,cadence,53301.0,53301
145,https://api.github.com/repos/uber/cadence/pulls/3708,cadence,46092.0,53301
146,https://api.github.com/repos/uber/zanzibar/pulls/800,zanzibar,31793.0,31793
147,https://api.github.com/repos/uber/zanzibar/pulls/799,zanzibar,31793.0,31793
148,https://api.github.com/repos/uber/zanzibar/pulls/795,zanzibar,31744.0,31793
149,https://api.github.com/repos/uber/zanzibar/pulls/789,zanzibar,31793.0,31793
150,https://api.github.com/repos/uber/zanzibar/pulls/780,zanzibar,31793.0,31793
151,https://api.github.com/repos/uber/zanzibar/pulls/771,zanzibar,31793.0,31793
152,https://api.github.com/repos/uber/zanzibar/pulls/743,zanzibar,31793.0,31793
153,https://api.github.com/repos/uber/zanzibar/pulls/722,zanzibar,31793.0,31793
154,https://api.github.com/repos/uber/zanzibar/pulls/716,zanzibar,31793.0,31793
155,https://api.github.com/repos/uber/zanzibar/pulls/705,zanzibar,31793.0,31793
156,https://api.github.com/repos/uber/zanzibar/pulls/683,zanzibar,31793.0,31793
157,https://api.github.com/repos/uber/zanzibar/pulls/681,zanzibar,31793.0,31793
158,https://api.github.com/repos/uber/zanzibar/pulls/630,zanzibar,31793.0,31793
159,https://api.github.com/repos/uber/zanzibar/pulls/623,zanzibar,31793.0,31793
160,https://api.github.com/repos/uber/zanzibar/pulls/614,zanzibar,31793.0,31793
161,https://api.github.com/repos/uber/zanzibar/pulls/578,zanzibar,31793.0,31793
162,https://api.github.com/repos/uber/zanzibar/pulls/550,zanzibar,31793.0,31793
163,https://api.github.com/repos/uber/zanzibar/pulls/379,zanzibar,31793.0,31793
164,https://api.github.com/repos/uber/peloton/pulls/26,peloton,44996.0,44996
165,https://api.github.com/repos/uber/peloton/pulls/24,peloton,45297.0,44996
166,https://api.github.com/repos/uber/peloton/pulls/20,peloton,44996.0,44996
167,https://api.github.com/repos/uber/peloton/pulls/13,peloton,44901.0,44996
168,https://api.github.com/repos/uber/peloton/pulls/10,peloton,43289.0,44996
169,https://api.github.com/repos/uber/peloton/pulls/6,peloton,37314.0,44996
170,https://api.github.com/repos/uber/peloton/pulls/4,peloton,37320.0,44996
171,https://api.github.com/repos/uber/queryparser/pulls/67,queryparser,463.0,410
172,https://api.github.com/repos/uber/queryparser/pulls/62,queryparser,463.0,410
173,https://api.github.com/repos/uber/startup-reason-reporter/pulls/8,startup-reason-reporter,259.0,258
174,https://api.github.com/repos/uber/storagetapper/pulls/35,storagetapper,766.0,766
175,https://api.github.com/repos/uber/storagetapper/pulls/27,storagetapper,766.0,766
176,https://api.github.com/repos/uber/storagetapper/pulls/18,storagetapper,393.0,766
177,https://api.github.com/repos/uber/UberSignature/pulls/28,UberSignature,223.0,223
178,https://api.github.com/repos/uber/UberSignature/pulls/24,UberSignature,225.0,223
179,https://api.github.com/repos/uber/UberSignature/pulls/23,UberSignature,223.0,223
180,https://api.github.com/repos/uber/UberSignature/pulls/20,UberSignature,223.0,223
181,https://api.github.com/repos/uber/UberSignature/pulls/19,UberSignature,223.0,223
182,https://api.github.com/repos/uber/NEAL/pulls/24,NEAL,1825.0,1825
183,https://api.github.com/repos/uber/NEAL/pulls/19,NEAL,1941.0,1825
184,https://api.github.com/repos/uber/NEAL/pulls/18,NEAL,1941.0,1825
185,https://api.github.com/repos/uber/NullAway/pulls/537,NullAway,3812.0,3812
186,https://api.github.com/repos/uber/NullAway/pulls/531,NullAway,3812.0,3812
187,https://api.github.com/repos/uber/NullAway/pulls/529,NullAway,3812.0,3812
188,https://api.github.com/repos/uber/NullAway/pulls/517,NullAway,3796.0,3812
189,https://api.github.com/repos/uber/NullAway/pulls/493,NullAway,3812.0,3812
190,https://api.github.com/repos/uber/NullAway/pulls/467,NullAway,2814.0,3812
191,https://api.github.com/repos/uber/RIBs/pulls/487,RIBs,4979.0,5099
192,https://api.github.com/repos/uber/RIBs/pulls/486,RIBs,5099.0,5099
193,https://api.github.com/repos/uber/RIBs/pulls/482,RIBs,5116.0,5099
194,https://api.github.com/repos/uber/RIBs/pulls/474,RIBs,4979.0,5099
195,https://api.github.com/repos/uber/RIBs/pulls/472,RIBs,4931.0,5099
196,https://api.github.com/repos/uber/RIBs/pulls/458,RIBs,4499.0,5099
197,https://api.github.com/repos/uber/RIBs/pulls/451,RIBs,4865.0,5099
198,https://api.github.com/repos/uber/RIBs/pulls/446,RIBs,4835.0,5099
199,https://api.github.com/repos/uber/RIBs/pulls/441,RIBs,4821.0,5099
200,https://api.github.com/repos/uber/RIBs/pulls/376,RIBs,4626.0,5099
201,https://api.github.com/repos/uber/RIBs/pulls/365,RIBs,6033.0,5099
202,https://api.github.com/repos/uber/RIBs/pulls/310,RIBs,4485.0,5099
203,https://api.github.com/repos/uber/RIBs/pulls/309,RIBs,,5099
204,https://api.github.com/repos/uber/artist/pulls/48,artist,,495
205,https://api.github.com/repos/uber/cadence-web/pulls/424,cadence-web,8914.0,7126
206,https://api.github.com/repos/uber/cadence-web/pulls/402,cadence-web,8992.0,7126
207,https://api.github.com/repos/uber/cadence-web/pulls/401,cadence-web,7126.0,7126
208,https://api.github.com/repos/uber/cadence-web/pulls/400,cadence-web,7126.0,7126
209,https://api.github.com/repos/uber/cadence-web/pulls/386,cadence-web,7126.0,7126
210,https://api.github.com/repos/uber/cadence-web/pulls/383,cadence-web,7126.0,7126
211,https://api.github.com/repos/uber/cadence-web/pulls/382,cadence-web,7126.0,7126
212,https://api.github.com/repos/uber/cadence-web/pulls/365,cadence-web,7126.0,7126
213,https://api.github.com/repos/uber/cadence-web/pulls/355,cadence-web,7126.0,7126
214,https://api.github.com/repos/uber/cadence-web/pulls/352,cadence-web,7126.0,7126
215,https://api.github.com/repos/uber/cadence-web/pulls/340,cadence-web,7126.0,7126
216,https://api.github.com/repos/uber/cadence-web/pulls/334,cadence-web,7126.0,7126
217,https://api.github.com/repos/uber/cadence-web/pulls/331,cadence-web,7126.0,7126
218,https://api.github.com/repos/uber/cadence-web/pulls/310,cadence-web,7126.0,7126
219,https://api.github.com/repos/uber/cadence-web/pulls/309,cadence-web,7126.0,7126
220,https://api.github.com/repos/uber/cadence-web/pulls/308,cadence-web,7126.0,7126
221,https://api.github.com/repos/uber/cadence-web/pulls/286,cadence-web,7126.0,7126
222,https://api.github.com/repos/uber/cadence-web/pulls/265,cadence-web,7126.0,7126
223,https://api.github.com/repos/uber/cadence-web/pulls/264,cadence-web,7126.0,7126
224,https://api.github.com/repos/uber/cadence-web/pulls/217,cadence-web,6170.0,7126
225,https://api.github.com/repos/uber/cadence-web/pulls/216,cadence-web,6292.0,7126
226,https://api.github.com/repos/uber/cadence-web/pulls/141,cadence-web,5969.0,7126
227,https://api.github.com/repos/uber/cadence-web/pulls/48,cadence-web,5710.0,7126
228,https://api.github.com/repos/uber/cadence-java-client/pulls/631,cadence-java-client,3208.0,3470
229,https://api.github.com/repos/uber/cadence-java-client/pulls/618,cadence-java-client,3403.0,3470
230,https://api.github.com/repos/uber/cadence-java-client/pulls/559,cadence-java-client,3189.0,3470
231,https://api.github.com/repos/uber/cadence-java-client/pulls/557,cadence-java-client,3170.0,3470
232,https://api.github.com/repos/uber/cadence-java-client/pulls/478,cadence-java-client,2963.0,3470
233,https://api.github.com/repos/uber/cadence-java-client/pulls/353,cadence-java-client,2309.0,3470
234,https://api.github.com/repos/uber/cadence-java-client/pulls/335,cadence-java-client,3189.0,3470
235,https://api.github.com/repos/uber/cadence-java-client/pulls/334,cadence-java-client,3189.0,3470
236,https://api.github.com/repos/uber/cadence-java-client/pulls/333,cadence-java-client,3189.0,3470
237,https://api.github.com/repos/uber/ios-snapshot-test-case/pulls/169,ios-snapshot-test-case,1576.0,1576
238,https://api.github.com/repos/uber/ios-snapshot-test-case/pulls/145,ios-snapshot-test-case,1454.0,1576
239,https://api.github.com/repos/uber/ios-snapshot-test-case/pulls/142,ios-snapshot-test-case,1576.0,1576
240,https://api.github.com/repos/uber/ios-snapshot-test-case/pulls/140,ios-snapshot-test-case,1574.0,1576
241,https://api.github.com/repos/uber/ios-snapshot-test-case/pulls/139,ios-snapshot-test-case,1454.0,1576
242,https://api.github.com/repos/uber/ios-snapshot-test-case/pulls/131,ios-snapshot-test-case,1452.0,1576
243,https://api.github.com/repos/uber/ios-snapshot-test-case/pulls/129,ios-snapshot-test-case,1452.0,1576
244,https://api.github.com/repos/uber/ios-snapshot-test-case/pulls/125,ios-snapshot-test-case,1576.0,1576
245,https://api.github.com/repos/uber/ios-snapshot-test-case/pulls/108,ios-snapshot-test-case,1476.0,1576
246,https://api.github.com/repos/uber/ios-snapshot-test-case/pulls/80,ios-snapshot-test-case,1474.0,1576
247,https://api.github.com/repos/uber/ios-snapshot-test-case/pulls/69,ios-snapshot-test-case,1398.0,1576
248,https://api.github.com/repos/uber/ios-snapshot-test-case/pulls/32,ios-snapshot-test-case,1460.0,1576
249,https://api.github.com/repos/uber/h3/pulls/553,h3,26887.0,33687
250,https://api.github.com/repos/uber/h3/pulls/552,h3,26992.0,33687
251,https://api.github.com/repos/uber/h3/pulls/551,h3,26887.0,33687
252,https://api.github.com/repos/uber/h3/pulls/550,h3,26887.0,33687
253,https://api.github.com/repos/uber/h3/pulls/549,h3,26887.0,33687
254,https://api.github.com/repos/uber/h3/pulls/519,h3,26887.0,33687
255,https://api.github.com/repos/uber/h3/pulls/502,h3,26887.0,33687
256,https://api.github.com/repos/uber/h3/pulls/496,h3,26992.0,33687
257,https://api.github.com/repos/uber/h3/pulls/448,h3,29418.0,33687
258,https://api.github.com/repos/uber/h3/pulls/423,h3,29747.0,33687
259,https://api.github.com/repos/uber/h3/pulls/404,h3,28837.0,33687
260,https://api.github.com/repos/uber/h3/pulls/360,h3,26887.0,33687
261,https://api.github.com/repos/uber/h3/pulls/326,h3,24970.0,33687
262,https://api.github.com/repos/uber/marmaray/pulls/30,marmaray,1695.0,1695
263,https://api.github.com/repos/uber/marmaray/pulls/29,marmaray,1695.0,1695
264,https://api.github.com/repos/uber/marmaray/pulls/28,marmaray,1695.0,1695
265,https://api.github.com/repos/uber/marmaray/pulls/26,marmaray,1695.0,1695
266,https://api.github.com/repos/uber/marmaray/pulls/24,marmaray,1895.0,1695
267,https://api.github.com/repos/uber/marmaray/pulls/23,marmaray,1895.0,1695
268,https://api.github.com/repos/uber/prototool/pulls/576,prototool,1721.0,1665
269,https://api.github.com/repos/uber/prototool/pulls/572,prototool,1669.0,1665
270,https://api.github.com/repos/uber/prototool/pulls/569,prototool,1674.0,1665
271,https://api.github.com/repos/uber/prototool/pulls/568,prototool,1691.0,1665
272,https://api.github.com/repos/uber/prototool/pulls/567,prototool,1673.0,1665
273,https://api.github.com/repos/uber/prototool/pulls/565,prototool,1668.0,1665
274,https://api.github.com/repos/uber/prototool/pulls/561,prototool,1665.0,1665
275,https://api.github.com/repos/uber/prototool/pulls/556,prototool,,1665
276,https://api.github.com/repos/uber/h3-java/pulls/89,h3-java,292.0,291
277,https://api.github.com/repos/uber/h3-java/pulls/88,h3-java,291.0,291
278,https://api.github.com/repos/uber/nebula.gl/pulls/678,nebula.gl,8779.0,8777
279,https://api.github.com/repos/uber/nebula.gl/pulls/674,nebula.gl,8777.0,8777
280,https://api.github.com/repos/uber/nebula.gl/pulls/672,nebula.gl,8777.0,8777
281,https://api.github.com/repos/uber/nebula.gl/pulls/673,nebula.gl,8777.0,8777
282,https://api.github.com/repos/uber/nebula.gl/pulls/667,nebula.gl,17071.0,8777
283,https://api.github.com/repos/uber/nebula.gl/pulls/647,nebula.gl,8906.0,8777
284,https://api.github.com/repos/uber/nebula.gl/pulls/642,nebula.gl,12559.0,8777
285,https://api.github.com/repos/uber/nebula.gl/pulls/606,nebula.gl,9101.0,8777
286,https://api.github.com/repos/uber/nebula.gl/pulls/601,nebula.gl,9064.0,8777
287,https://api.github.com/repos/uber/nebula.gl/pulls/558,nebula.gl,10273.0,8777
288,https://api.github.com/repos/uber/nebula.gl/pulls/549,nebula.gl,8623.0,8777
289,https://api.github.com/repos/uber/nebula.gl/pulls/543,nebula.gl,8221.0,8777
290,https://api.github.com/repos/uber/nebula.gl/pulls/528,nebula.gl,8623.0,8777
291,https://api.github.com/repos/uber/nebula.gl/pulls/525,nebula.gl,8623.0,8777
292,https://api.github.com/repos/uber/nebula.gl/pulls/508,nebula.gl,8509.0,8777
293,https://api.github.com/repos/uber/homebrew-nanoscope/pulls/1,homebrew-nanoscope,16.0,14
294,https://api.github.com/repos/uber/baseweb/pulls/4681,baseweb,144949.0,144949
295,https://api.github.com/repos/uber/baseweb/pulls/4680,baseweb,144949.0,144949
296,https://api.github.com/repos/uber/baseweb/pulls/4679,baseweb,144949.0,144949
297,https://api.github.com/repos/uber/baseweb/pulls/4672,baseweb,144949.0,144949
298,https://api.github.com/repos/uber/baseweb/pulls/4660,baseweb,145982.0,144949
299,https://api.github.com/repos/uber/baseweb/pulls/4527,baseweb,138549.0,144949
300,https://api.github.com/repos/uber/baseweb/pulls/4510,baseweb,138549.0,144949
301,https://api.github.com/repos/uber/baseweb/pulls/4459,baseweb,144949.0,144949
302,https://api.github.com/repos/uber/baseweb/pulls/4442,baseweb,127774.0,144949
303,https://api.github.com/repos/uber/baseweb/pulls/4417,baseweb,144949.0,144949
304,https://api.github.com/repos/uber/gonduit/pulls/33,gonduit,196.0,204
305,https://api.github.com/repos/uber/gonduit/pulls/32,gonduit,200.0,204
306,https://api.github.com/repos/uber/gonduit/pulls/31,gonduit,201.0,204
307,https://api.github.com/repos/uber/gonduit/pulls/8,gonduit,97.0,204
308,https://api.github.com/repos/uber/needle/pulls/399,needle,69204.0,69198
309,https://api.github.com/repos/uber/needle/pulls/398,needle,86367.0,69198
310,https://api.github.com/repos/uber/needle/pulls/397,needle,69202.0,69198
311,https://api.github.com/repos/uber/needle/pulls/393,needle,63460.0,69198
312,https://api.github.com/repos/uber/needle/pulls/388,needle,63419.0,69198
313,https://api.github.com/repos/uber/needle/pulls/386,needle,63431.0,69198
314,https://api.github.com/repos/uber/needle/pulls/385,needle,63429.0,69198
315,https://api.github.com/repos/uber/needle/pulls/379,needle,69198.0,69198
316,https://api.github.com/repos/uber/needle/pulls/356,needle,45246.0,69198
317,https://api.github.com/repos/uber/needle/pulls/355,needle,63419.0,69198
318,https://api.github.com/repos/uber/needle/pulls/304,needle,41576.0,69198
319,https://api.github.com/repos/uber/swift-concurrency/pulls/41,swift-concurrency,87.0,86
320,https://api.github.com/repos/uber/swift-concurrency/pulls/40,swift-concurrency,93.0,86
321,https://api.github.com/repos/uber/swift-concurrency/pulls/36,swift-concurrency,90.0,86
322,https://api.github.com/repos/uber/assume-role-cli/pulls/17,assume-role-cli,57.0,57
323,https://api.github.com/repos/uber/assume-role-cli/pulls/16,assume-role-cli,57.0,57
324,https://api.github.com/repos/uber/assume-role-cli/pulls/15,assume-role-cli,57.0,57
325,https://api.github.com/repos/uber/assume-role-cli/pulls/13,assume-role-cli,63.0,57
326,https://api.github.com/repos/uber/assume-role-cli/pulls/7,assume-role-cli,43.0,57
327,https://api.github.com/repos/uber/assume-role-cli/pulls/5,assume-role-cli,57.0,57
328,https://api.github.com/repos/uber/h3-py/pulls/194,h3-py,14420.0,14460
329,https://api.github.com/repos/uber/h3-py/pulls/161,h3-py,14460.0,14460
330,https://api.github.com/repos/uber/h3-py/pulls/144,h3-py,14460.0,14460
331,https://api.github.com/repos/uber/petastorm/pulls/711,petastorm,2877.0,2756
332,https://api.github.com/repos/uber/petastorm/pulls/702,petastorm,2877.0,2756
333,https://api.github.com/repos/uber/petastorm/pulls/698,petastorm,2739.0,2756
334,https://api.github.com/repos/uber/petastorm/pulls/663,petastorm,2599.0,2756
335,https://api.github.com/repos/uber/petastorm/pulls/656,petastorm,2589.0,2756
336,https://api.github.com/repos/uber/petastorm/pulls/641,petastorm,2789.0,2756
337,https://api.github.com/repos/uber/petastorm/pulls/637,petastorm,2614.0,2756
338,https://api.github.com/repos/uber/petastorm/pulls/621,petastorm,,2756
339,https://api.github.com/repos/uber/petastorm/pulls/619,petastorm,2877.0,2756
340,https://api.github.com/repos/uber/petastorm/pulls/605,petastorm,2877.0,2756
341,https://api.github.com/repos/uber/petastorm/pulls/561,petastorm,2462.0,2756
342,https://api.github.com/repos/uber/petastorm/pulls/546,petastorm,2877.0,2756
343,https://api.github.com/repos/uber/petastorm/pulls/512,petastorm,2570.0,2756
344,https://api.github.com/repos/uber/petastorm/pulls/510,petastorm,2877.0,2756
345,https://api.github.com/repos/uber/petastorm/pulls/488,petastorm,2254.0,2756
346,https://api.github.com/repos/uber/xviz/pulls/674,xviz,11162.0,11161
347,https://api.github.com/repos/uber/xviz/pulls/670,xviz,11161.0,11161
348,https://api.github.com/repos/uber/xviz/pulls/669,xviz,11161.0,11161
349,https://api.github.com/repos/uber/xviz/pulls/668,xviz,11161.0,11161
350,https://api.github.com/repos/uber/xviz/pulls/666,xviz,11161.0,11161
351,https://api.github.com/repos/uber/xviz/pulls/665,xviz,11161.0,11161
352,https://api.github.com/repos/uber/xviz/pulls/662,xviz,11161.0,11161
353,https://api.github.com/repos/uber/xviz/pulls/656,xviz,9199.0,11161
354,https://api.github.com/repos/uber/xviz/pulls/655,xviz,9199.0,11161
355,https://api.github.com/repos/uber/xviz/pulls/654,xviz,10293.0,11161
356,https://api.github.com/repos/uber/xviz/pulls/651,xviz,11161.0,11161
357,https://api.github.com/repos/uber/xviz/pulls/649,xviz,9676.0,11161
358,https://api.github.com/repos/uber/xviz/pulls/647,xviz,9471.0,11161
359,https://api.github.com/repos/uber/xviz/pulls/646,xviz,11161.0,11161
360,https://api.github.com/repos/uber/xviz/pulls/645,xviz,11161.0,11161
361,https://api.github.com/repos/uber/xviz/pulls/643,xviz,11161.0,11161
362,https://api.github.com/repos/uber/xviz/pulls/641,xviz,10317.0,11161
363,https://api.github.com/repos/uber/xviz/pulls/638,xviz,11161.0,11161
364,https://api.github.com/repos/uber/xviz/pulls/633,xviz,11161.0,11161
365,https://api.github.com/repos/uber/xviz/pulls/628,xviz,11161.0,11161
366,https://api.github.com/repos/uber/xviz/pulls/622,xviz,11161.0,11161
367,https://api.github.com/repos/uber/xviz/pulls/621,xviz,8799.0,11161
368,https://api.github.com/repos/uber/xviz/pulls/615,xviz,11161.0,11161
369,https://api.github.com/repos/uber/xviz/pulls/608,xviz,11161.0,11161
370,https://api.github.com/repos/uber/xviz/pulls/592,xviz,10025.0,11161
371,https://api.github.com/repos/uber/xviz/pulls/575,xviz,11161.0,11161
372,https://api.github.com/repos/uber/xviz/pulls/418,xviz,2981.0,11161
373,https://api.github.com/repos/uber/xviz/pulls/408,xviz,11161.0,11161
374,https://api.github.com/repos/uber/xviz/pulls/385,xviz,11161.0,11161
375,https://api.github.com/repos/uber/xviz/pulls/317,xviz,11161.0,11161
376,https://api.github.com/repos/uber/cadence-java-samples/pulls/60,cadence-java-samples,726.0,684
377,https://api.github.com/repos/uber/cadence-java-samples/pulls/59,cadence-java-samples,726.0,684
378,https://api.github.com/repos/uber/cadence-java-samples/pulls/56,cadence-java-samples,46168.0,684
379,https://api.github.com/repos/uber/cadence-java-samples/pulls/55,cadence-java-samples,726.0,684
380,https://api.github.com/repos/uber/cadence-java-samples/pulls/54,cadence-java-samples,726.0,684
381,https://api.github.com/repos/uber/cadence-java-samples/pulls/53,cadence-java-samples,726.0,684
382,https://api.github.com/repos/uber/cadence-java-samples/pulls/48,cadence-java-samples,726.0,684
383,https://api.github.com/repos/uber/cadence-java-samples/pulls/47,cadence-java-samples,726.0,684
384,https://api.github.com/repos/uber/cadence-java-samples/pulls/40,cadence-java-samples,726.0,684
385,https://api.github.com/repos/uber/cadence-java-samples/pulls/10,cadence-java-samples,495.0,684
386,https://api.github.com/repos/uber/motif/pulls/221,motif,1445.0,1448
387,https://api.github.com/repos/uber/streetscape.gl/pulls/519,streetscape.gl,36436.0,36436
388,https://api.github.com/repos/uber/streetscape.gl/pulls/515,streetscape.gl,36436.0,36436
389,https://api.github.com/repos/uber/streetscape.gl/pulls/512,streetscape.gl,36436.0,36436
390,https://api.github.com/repos/uber/streetscape.gl/pulls/510,streetscape.gl,36436.0,36436
391,https://api.github.com/repos/uber/streetscape.gl/pulls/509,streetscape.gl,36436.0,36436
392,https://api.github.com/repos/uber/streetscape.gl/pulls/503,streetscape.gl,36436.0,36436
393,https://api.github.com/repos/uber/streetscape.gl/pulls/501,streetscape.gl,36436.0,36436
394,https://api.github.com/repos/uber/streetscape.gl/pulls/499,streetscape.gl,36436.0,36436
395,https://api.github.com/repos/uber/streetscape.gl/pulls/497,streetscape.gl,36436.0,36436
396,https://api.github.com/repos/uber/streetscape.gl/pulls/494,streetscape.gl,36436.0,36436
397,https://api.github.com/repos/uber/streetscape.gl/pulls/490,streetscape.gl,33765.0,36436
398,https://api.github.com/repos/uber/streetscape.gl/pulls/488,streetscape.gl,36436.0,36436
399,https://api.github.com/repos/uber/streetscape.gl/pulls/485,streetscape.gl,36436.0,36436
400,https://api.github.com/repos/uber/streetscape.gl/pulls/483,streetscape.gl,36436.0,36436
401,https://api.github.com/repos/uber/streetscape.gl/pulls/472,streetscape.gl,36436.0,36436
402,https://api.github.com/repos/uber/streetscape.gl/pulls/464,streetscape.gl,36436.0,36436
403,https://api.github.com/repos/uber/streetscape.gl/pulls/457,streetscape.gl,33389.0,36436
404,https://api.github.com/repos/uber/streetscape.gl/pulls/447,streetscape.gl,36436.0,36436
405,https://api.github.com/repos/uber/streetscape.gl/pulls/434,streetscape.gl,32836.0,36436
406,https://api.github.com/repos/uber/streetscape.gl/pulls/397,streetscape.gl,36436.0,36436
407,https://api.github.com/repos/uber/cyborg/pulls/79,cyborg,311.0,380
408,https://api.github.com/repos/uber/stylist/pulls/28,stylist,203.0,203
409,https://api.github.com/repos/uber/stylist/pulls/27,stylist,203.0,203
410,https://api.github.com/repos/uber/aresdb/pulls/374,aresdb,12851.0,12849
411,https://api.github.com/repos/uber/aresdb/pulls/366,aresdb,12849.0,12849
412,https://api.github.com/repos/uber/aresdb/pulls/364,aresdb,12849.0,12849
413,https://api.github.com/repos/uber/aresdb/pulls/361,aresdb,12849.0,12849
414,https://api.github.com/repos/uber/aresdb/pulls/312,aresdb,12849.0,12849
415,https://api.github.com/repos/uber/astro/pulls/33,astro,142.0,192
416,https://api.github.com/repos/uber/astro/pulls/4,astro,101.0,192
417,https://api.github.com/repos/uber/uber-poet/pulls/52,uber-poet,1020.0,1025
418,https://api.github.com/repos/uber/uber-poet/pulls/50,uber-poet,1025.0,1025
419,https://api.github.com/repos/uber/simple-store/pulls/85,simple-store,897.0,897
420,https://api.github.com/repos/uber/simple-store/pulls/73,simple-store,878.0,897
421,https://api.github.com/repos/uber/client-platform-engineering/pulls/69,client-platform-engineering,3845.0,1324
422,https://api.github.com/repos/uber/kraken/pulls/315,kraken,6540.0,6535
423,https://api.github.com/repos/uber/kraken/pulls/312,kraken,6535.0,6535
424,https://api.github.com/repos/uber/kraken/pulls/309,kraken,6535.0,6535
425,https://api.github.com/repos/uber/kraken/pulls/307,kraken,6538.0,6535
426,https://api.github.com/repos/uber/kraken/pulls/305,kraken,6531.0,6535
427,https://api.github.com/repos/uber/kraken/pulls/301,kraken,6535.0,6535
428,https://api.github.com/repos/uber/kraken/pulls/300,kraken,6535.0,6535
429,https://api.github.com/repos/uber/kraken/pulls/289,kraken,6537.0,6535
430,https://api.github.com/repos/uber/kraken/pulls/286,kraken,6537.0,6535
431,https://api.github.com/repos/uber/kraken/pulls/285,kraken,6537.0,6535
432,https://api.github.com/repos/uber/kraken/pulls/284,kraken,,6535
433,https://api.github.com/repos/uber/kraken/pulls/283,kraken,,6535
434,https://api.github.com/repos/uber/kraken/pulls/253,kraken,6499.0,6535
435,https://api.github.com/repos/uber/kraken/pulls/216,kraken,6452.0,6535
436,https://api.github.com/repos/uber/kraken/pulls/168,kraken,6336.0,6535
437,https://api.github.com/repos/uber/piranha/pulls/156,piranha,1084.0,1064
438,https://api.github.com/repos/uber/piranha/pulls/151,piranha,1134.0,1064
439,https://api.github.com/repos/uber/piranha/pulls/140,piranha,1031.0,1064
440,https://api.github.com/repos/uber/piranha/pulls/128,piranha,1064.0,1064
441,https://api.github.com/repos/uber/piranha/pulls/112,piranha,1017.0,1064
442,https://api.github.com/repos/uber/piranha/pulls/107,piranha,887.0,1064
443,https://api.github.com/repos/uber/piranha/pulls/60,piranha,820.0,1064
444,https://api.github.com/repos/uber/piranha/pulls/15,piranha,1064.0,1064
445,https://api.github.com/repos/uber/RxCBCentral/pulls/29,RxCBCentral,1458.0,1456
446,https://api.github.com/repos/uber/RxCBCentral/pulls/24,RxCBCentral,1487.0,1456
447,https://api.github.com/repos/uber/neuropod/pulls/526,neuropod,2503.0,2503
448,https://api.github.com/repos/uber/neuropod/pulls/524,neuropod,2503.0,2503
449,https://api.github.com/repos/uber/neuropod/pulls/507,neuropod,,2503
450,https://api.github.com/repos/uber/neuropod/pulls/471,neuropod,2503.0,2503
451,https://api.github.com/repos/uber/neuropod/pulls/458,neuropod,2503.0,2503
452,https://api.github.com/repos/uber/neuropod/pulls/452,neuropod,2503.0,2503
453,https://api.github.com/repos/uber/neuropod/pulls/444,neuropod,2503.0,2503
454,https://api.github.com/repos/uber/neuropod/pulls/443,neuropod,2503.0,2503
455,https://api.github.com/repos/uber/neuropod/pulls/410,neuropod,2503.0,2503
456,https://api.github.com/repos/uber/neuropod/pulls/361,neuropod,2503.0,2503
457,https://api.github.com/repos/uber/neuropod/pulls/340,neuropod,2503.0,2503
458,https://api.github.com/repos/uber/manifold/pulls/178,manifold,9699.0,9699
459,https://api.github.com/repos/uber/manifold/pulls/177,manifold,9699.0,9699
460,https://api.github.com/repos/uber/manifold/pulls/176,manifold,9699.0,9699
461,https://api.github.com/repos/uber/manifold/pulls/175,manifold,9699.0,9699
462,https://api.github.com/repos/uber/manifold/pulls/174,manifold,9699.0,9699
463,https://api.github.com/repos/uber/manifold/pulls/172,manifold,9699.0,9699
464,https://api.github.com/repos/uber/manifold/pulls/168,manifold,9699.0,9699
465,https://api.github.com/repos/uber/manifold/pulls/167,manifold,9699.0,9699
466,https://api.github.com/repos/uber/manifold/pulls/166,manifold,9699.0,9699
467,https://api.github.com/repos/uber/manifold/pulls/165,manifold,9699.0,9699
468,https://api.github.com/repos/uber/manifold/pulls/164,manifold,9699.0,9699
469,https://api.github.com/repos/uber/manifold/pulls/163,manifold,9699.0,9699
470,https://api.github.com/repos/uber/manifold/pulls/162,manifold,9699.0,9699
471,https://api.github.com/repos/uber/manifold/pulls/159,manifold,9699.0,9699
472,https://api.github.com/repos/uber/manifold/pulls/158,manifold,9699.0,9699
473,https://api.github.com/repos/uber/manifold/pulls/157,manifold,9699.0,9699
474,https://api.github.com/repos/uber/manifold/pulls/156,manifold,9699.0,9699
475,https://api.github.com/repos/uber/manifold/pulls/155,manifold,9699.0,9699
476,https://api.github.com/repos/uber/manifold/pulls/154,manifold,9699.0,9699
477,https://api.github.com/repos/uber/manifold/pulls/153,manifold,9699.0,9699
478,https://api.github.com/repos/uber/manifold/pulls/152,manifold,9699.0,9699
479,https://api.github.com/repos/uber/manifold/pulls/151,manifold,9699.0,9699
480,https://api.github.com/repos/uber/manifold/pulls/150,manifold,9699.0,9699
481,https://api.github.com/repos/uber/manifold/pulls/149,manifold,9699.0,9699
482,https://api.github.com/repos/uber/manifold/pulls/148,manifold,9699.0,9699
483,https://api.github.com/repos/uber/manifold/pulls/142,manifold,9699.0,9699
484,https://api.github.com/repos/uber/manifold/pulls/141,manifold,9699.0,9699
485,https://api.github.com/repos/uber/manifold/pulls/140,manifold,9699.0,9699
486,https://api.github.com/repos/uber/manifold/pulls/139,manifold,9699.0,9699
487,https://api.github.com/repos/uber/manifold/pulls/138,manifold,9699.0,9699
488,https://api.github.com/repos/uber/manifold/pulls/61,manifold,9699.0,9699
489,https://api.github.com/repos/uber/swift-abstract-class/pulls/36,swift-abstract-class,14250.0,14249
490,https://api.github.com/repos/uber/swift-common/pulls/16,swift-common,62.0,55
491,https://api.github.com/repos/uber/graph.gl/pulls/3,graph.gl,13396.0,19223
492,https://api.github.com/repos/uber/causalml/pulls/356,causalml,32132.0,35493
493,https://api.github.com/repos/uber/causalml/pulls/166,causalml,35493.0,35493
494,https://api.github.com/repos/uber/bayesmark/pulls/16,bayesmark,214.0,214
495,https://api.github.com/repos/uber/bayesmark/pulls/15,bayesmark,,214
496,https://api.github.com/repos/uber/hypothesis-gufunc/pulls/3,hypothesis-gufunc,57.0,57
497,https://api.github.com/repos/uber/react-view/pulls/81,react-view,5346.0,5346
498,https://api.github.com/repos/uber/react-view/pulls/80,react-view,5346.0,5346
499,https://api.github.com/repos/uber/react-view/pulls/79,react-view,5346.0,5346
500,https://api.github.com/repos/uber/react-view/pulls/75,react-view,5346.0,5346
501,https://api.github.com/repos/uber/react-view/pulls/74,react-view,5346.0,5346
502,https://api.github.com/repos/uber/react-view/pulls/72,react-view,5346.0,5346
503,https://api.github.com/repos/uber/react-view/pulls/71,react-view,5346.0,5346
504,https://api.github.com/repos/uber/react-view/pulls/70,react-view,5346.0,5346
505,https://api.github.com/repos/uber/react-view/pulls/69,react-view,5346.0,5346
506,https://api.github.com/repos/uber/react-view/pulls/63,react-view,5346.0,5346
507,https://api.github.com/repos/uber/fiber/pulls/58,fiber,8819.0,8814
508,https://api.github.com/repos/uber/fiber/pulls/55,fiber,8814.0,8814
509,https://api.github.com/repos/uber/fiber/pulls/53,fiber,8814.0,8814
510,https://api.github.com/repos/uber/fiber/pulls/34,fiber,8814.0,8814
511,https://api.github.com/repos/uber/orbit/pulls/655,orbit,108995.0,108995
512,https://api.github.com/repos/uber/orbit/pulls/654,orbit,108995.0,108995
513,https://api.github.com/repos/uber/orbit/pulls/451,orbit,108995.0,108995
514,https://api.github.com/repos/uber/orbit/pulls/445,orbit,108995.0,108995
515,https://api.github.com/repos/uber/orbit/pulls/424,orbit,70538.0,108995
516,https://api.github.com/repos/uber/base-design-docs/pulls/32,base-design-docs,4979.0,4979
517,https://api.github.com/repos/uber/base-design-docs/pulls/28,base-design-docs,4979.0,4979
518,https://api.github.com/repos/uber/base-design-docs/pulls/27,base-design-docs,4979.0,4979
519,https://api.github.com/repos/uber/base-design-docs/pulls/26,base-design-docs,4979.0,4979
520,https://api.github.com/repos/uber/base-design-docs/pulls/25,base-design-docs,4979.0,4979
521,https://api.github.com/repos/uber/SwiftCodeSan/pulls/6,SwiftCodeSan,225.0,224
522,https://api.github.com/repos/uber/RemoteShuffleService/pulls/53,RemoteShuffleService,1390.0,1667
523,https://api.github.com/repos/uber/RemoteShuffleService/pulls/52,RemoteShuffleService,1689.0,1667
524,https://api.github.com/repos/uber/RemoteShuffleService/pulls/51,RemoteShuffleService,1689.0,1667
525,https://api.github.com/repos/uber/RemoteShuffleService/pulls/28,RemoteShuffleService,1205.0,1667
526,https://api.github.com/repos/uber/Cadence-Docs/pulls/84,Cadence-Docs,34641.0,34641
